Const,Your Rating,Date Rated,Title,URL,Title Type,IMDb Rating,Runtime (mins),Year,Genres,Num Votes,Release Date,Directors
tt0100814,7,15-07-21,Tremors,https://www.imdb.com/title/tt0100814/,movie,7.1,96,1990,"Comedy, Horror",143582,19-01-90,Ron Underwood
tt1028532,7,05-04-21,Hachi: A Dog's Tale,https://www.imdb.com/title/tt1028532/,movie,8.1,93,2009,"Biography, Drama, Family",295970,13-06-09,Lasse Hallström
tt0102926,6,27-04-21,The Silence of the Lambs,https://www.imdb.com/title/tt0102926/,movie,8.6,118,1991,"Crime, Drama, Thriller",1472178,30-01-91,Jonathan Demme
tt1033575,6,15-07-21,The Descendants,https://www.imdb.com/title/tt1033575/,movie,7.3,115,2011,"Comedy, Drama",245809,02-09-11,Alexander Payne
tt1037705,7,15-07-21,The Book of Eli,https://www.imdb.com/title/tt1037705/,movie,6.8,118,2010,"Action, Adventure, Drama, Thriller",327789,11-01-10,"Allen Hughes, Albert Hughes"
tt10431500,7,05-04-21,Yedinci Kogustaki Mucize,https://www.imdb.com/title/tt10431500/,movie,8.2,132,2019,Drama,51922,10-10-19,Mehmet Ada Öztekin
tt10446930,5,25-07-21,Hareket Sekiz,https://www.imdb.com/title/tt10446930/,movie,4.5,110,2019,"Action, Comedy",1220,03-10-19,Ali Yorgancioglu
tt10472102,3,27-04-21,Karakomik Filmler: Emanet,https://www.imdb.com/title/tt10472102/,movie,5.6,60,2020,Comedy,7225,17-01-20,Cem Yilmaz
tt1049413,8,05-04-21,Up,https://www.imdb.com/title/tt1049413/,movie,8.3,96,2009,"Animation, Adventure, Comedy, Drama, Family",1073512,13-05-09,"Pete Docter, Bob Peterson"
tt1051904,6,15-07-21,Goosebumps,https://www.imdb.com/title/tt1051904/,movie,6.3,103,2015,"Adventure, Comedy, Fantasy, Horror",91961,03-10-15,Rob Letterman
tt1051906,6,15-07-21,The Invisible Man,https://www.imdb.com/title/tt1051906/,movie,7.1,124,2020,"Drama, Horror, Mystery, Sci-Fi, Thriller",238928,24-02-20,Leigh Whannell
tt10549312,4,27-04-21,Baba Parasi,https://www.imdb.com/title/tt10549312/,movie,4.6,116,2020,Comedy,3410,01-01-20,Selçuk Aydemir
tt0105643,2,28-01-22,Troll 2,https://www.imdb.com/title/tt0105643/,movie,2.9,95,1990,"Comedy, Fantasy, Horror",33940,03-10-90,Claudio Fragasso
tt1068680,9,10-11-19,Yes Man,https://www.imdb.com/title/tt1068680/,movie,6.8,104,2008,"Comedy, Romance",372143,09-12-08,Peyton Reed
tt0107048,7,15-07-21,Groundhog Day,https://www.imdb.com/title/tt0107048/,movie,8,101,1993,"Comedy, Drama, Fantasy, Romance",652860,02-02-93,Harold Ramis
tt0107290,7,15-07-21,Jurassic Park,https://www.imdb.com/title/tt0107290/,movie,8.2,127,1993,"Action, Adventure, Sci-Fi, Thriller",1017866,09-06-93,Steven Spielberg
tt1073498,4,27-04-21,Meet the Spartans,https://www.imdb.com/title/tt1073498/,movie,2.8,87,2008,"Comedy, Fantasy",110032,24-01-08,"Jason Friedberg, Aaron Seltzer"
tt1074638,6,15-07-21,Skyfall,https://www.imdb.com/title/tt1074638/,movie,7.8,143,2012,"Action, Adventure, Thriller",711059,23-10-12,Sam Mendes
tt1082807,6,27-04-21,The Belko Experiment,https://www.imdb.com/title/tt1082807/,movie,6.1,89,2016,"Horror, Thriller",54337,10-09-16,Greg McLean
tt10872600,7,25-12-21,Spider-Man: No Way Home,https://www.imdb.com/title/tt10872600/,movie,8.2,148,2021,"Action, Adventure, Fantasy, Sci-Fi",805588,13-12-21,Jon Watts
tt0109830,10,23-12-19,Forrest Gump,https://www.imdb.com/title/tt0109830/,movie,8.8,142,1994,"Drama, Romance",2143646,23-06-94,Robert Zemeckis
tt0110357,7,05-04-21,The Lion King,https://www.imdb.com/title/tt0110357/,movie,8.5,88,1994,"Animation, Adventure, Drama, Family, Musical",1089310,12-06-94,"Rob Minkoff, Roger Allers"
tt0111161,8,22-02-20,The Shawshank Redemption,https://www.imdb.com/title/tt0111161/,movie,9.3,142,1994,Drama,2755900,10-09-94,Frank Darabont
tt1119646,6,15-07-21,The Hangover,https://www.imdb.com/title/tt1119646/,movie,7.7,100,2009,Comedy,810327,30-05-09,Todd Phillips
tt0112573,7,05-04-21,Braveheart,https://www.imdb.com/title/tt0112573/,movie,8.3,178,1995,"Biography, Drama, History, War",1057911,18-05-95,Mel Gibson
tt0113071,6,15-07-21,First Knight,https://www.imdb.com/title/tt0113071/,movie,6,134,1995,"Action, Adventure, Drama, Romance",76008,07-07-95,Jerry Zucker
tt1130884,10,05-04-21,Shutter Island,https://www.imdb.com/title/tt1130884/,movie,8.2,138,2010,"Mystery, Thriller",1366671,13-02-10,Martin Scorsese
tt0113497,8,15-07-21,Jumanji,https://www.imdb.com/title/tt0113497/,movie,7,104,1995,"Adventure, Comedy, Family, Fantasy",359527,15-12-95,Joe Johnston
tt1136608,8,15-07-21,District 9,https://www.imdb.com/title/tt1136608/,movie,7.9,112,2009,"Action, Sci-Fi, Thriller",696375,13-08-09,Neill Blomkamp
tt11416594,4,27-04-21,Karakomik Filmler: Deli,https://www.imdb.com/title/tt11416594/,movie,6.5,60,2020,"Comedy, Drama",8632,17-01-20,Cem Yilmaz
tt0114369,8,13-07-21,Se7en,https://www.imdb.com/title/tt0114369/,movie,8.6,127,1995,"Crime, Drama, Mystery, Thriller",1703886,15-09-95,David Fincher
tt11448936,6,15-07-21,Nasipse Adayiz,https://www.imdb.com/title/tt11448936/,movie,6.8,105,2020,"Biography, Comedy, Drama",3340,25-01-20,Ercan Kesal
tt0114709,8,05-04-21,Toy Story,https://www.imdb.com/title/tt0114709/,movie,8.3,81,1995,"Animation, Adventure, Comedy, Family, Fantasy",1021933,19-11-95,John Lasseter
tt0114746,6,15-07-21,Twelve Monkeys,https://www.imdb.com/title/tt0114746/,movie,8,129,1995,"Mystery, Sci-Fi, Thriller",630536,08-12-95,Terry Gilliam
tt0114814,7,05-04-21,The Usual Suspects,https://www.imdb.com/title/tt0114814/,movie,8.5,106,1995,"Crime, Drama, Mystery, Thriller",1106918,25-01-95,Bryan Singer
tt1148204,7,09-10-21,Orphan,https://www.imdb.com/title/tt1148204/,movie,7,123,2009,"Horror, Mystery, Thriller",240352,21-07-09,Jaume Collet-Serra
tt0114898,6,15-07-21,Waterworld,https://www.imdb.com/title/tt0114898/,movie,6.3,135,1995,"Action, Adventure, Sci-Fi",202746,28-07-95,Kevin Reynolds
tt11527964,5,27-04-21,Bayi Toplantisi,https://www.imdb.com/title/tt11527964/,movie,4.7,114,2020,Comedy,4026,20-02-20,"Bedran Güzel, Amirhossein Mehrabi"
tt1155076,7,15-07-21,The Karate Kid,https://www.imdb.com/title/tt1155076/,movie,6.2,140,2010,"Action, Drama, Family, Sport",194236,07-06-10,Harald Zwart
tt1156398,5,15-07-21,Zombieland,https://www.imdb.com/title/tt1156398/,movie,7.6,88,2009,"Action, Comedy, Horror",596952,25-09-09,Ruben Fleischer
tt1170358,6,15-07-21,The Hobbit: The Desolation of Smaug,https://www.imdb.com/title/tt1170358/,movie,7.8,161,2013,Fantasy,680417,02-12-13,Peter Jackson
tt0117060,7,14-12-20,Mission: Impossible,https://www.imdb.com/title/tt0117060/,movie,7.1,110,1996,"Action, Adventure, Thriller",440533,20-05-96,Brian De Palma
tt1172049,5,26-01-23,Demolition,https://www.imdb.com/title/tt1172049/,movie,7,101,2015,"Comedy, Drama",104589,10-09-15,Jean-Marc Vallée
tt11777738,7,22-01-23,Ghahreman,https://www.imdb.com/title/tt11777738/,movie,7.5,127,2021,Drama,27376,13-07-21,Asghar Farhadi
tt1179933,7,15-07-21,10 Cloverfield Lane,https://www.imdb.com/title/tt1179933/,movie,7.2,103,2016,"Drama, Horror, Mystery, Sci-Fi, Thriller",340854,08-03-16,Dan Trachtenberg
tt11813216,7,19-02-23,The Banshees of Inisherin,https://www.imdb.com/title/tt11813216/,movie,7.7,114,2022,"Comedy, Drama",213087,05-09-22,Martin McDonagh
tt1187043,8,11-01-23,3 Idiots,https://www.imdb.com/title/tt1187043/,movie,8.4,170,2009,"Comedy, Drama",412098,09-11-09,Rajkumar Hirani
tt1187064,6,15-07-21,Triangle,https://www.imdb.com/title/tt1187064/,movie,6.9,99,2009,"Fantasy, Mystery, Sci-Fi, Thriller",122163,27-08-09,Christopher Smith
tt0118849,7,23-01-23,Bacheha-Ye aseman,https://www.imdb.com/title/tt0118849/,movie,8.2,89,1997,"Drama, Family, Sport",76983,01-02-97,Majid Majidi
tt0119094,6,15-07-21,Face/Off,https://www.imdb.com/title/tt0119094/,movie,7.3,138,1997,"Action, Crime, Sci-Fi, Thriller",388418,19-06-97,John Woo
tt0119174,6,15-07-21,The Game,https://www.imdb.com/title/tt0119174/,movie,7.7,129,1997,"Drama, Mystery, Thriller",410484,03-09-97,David Fincher
tt1192628,8,15-07-21,Rango,https://www.imdb.com/title/tt1192628/,movie,7.2,107,2011,"Animation, Action, Adventure, Comedy, Family, Western",279498,14-02-11,Gore Verbinski
tt1197624,6,15-07-21,Law Abiding Citizen,https://www.imdb.com/title/tt1197624/,movie,7.4,109,2009,"Action, Crime, Drama, Thriller",307452,23-09-09,F. Gary Gray
tt1201607,6,15-07-21,Harry Potter and the Deathly Hallows: Part 2,https://www.imdb.com/title/tt1201607/,movie,8.1,130,2011,"Adventure, Family, Fantasy, Mystery",903596,07-07-11,David Yates
tt0120265,6,22-01-23,Ta'm e guilass,https://www.imdb.com/title/tt0120265/,movie,7.7,95,1997,Drama,33503,16-05-97,Abbas Kiarostami
tt0120363,6,15-07-21,Toy Story 2,https://www.imdb.com/title/tt0120363/,movie,7.9,92,1999,"Animation, Adventure, Comedy, Family, Fantasy",597455,13-11-99,"John Lasseter, Ash Brannon, Lee Unkrich"
tt0120382,10,27-04-21,The Truman Show,https://www.imdb.com/title/tt0120382/,movie,8.2,103,1998,"Comedy, Drama",1121459,01-06-98,Peter Weir
tt1206543,5,31-05-21,Out of the Furnace,https://www.imdb.com/title/tt1206543/,movie,6.7,116,2013,"Action, Crime, Drama, Thriller",120807,09-11-13,Scott Cooper
tt0120689,9,05-04-21,The Green Mile,https://www.imdb.com/title/tt0120689/,movie,8.6,189,1999,"Crime, Drama, Fantasy, Mystery",1339955,06-12-99,Frank Darabont
tt0120755,5,14-12-20,Mission: Impossible II,https://www.imdb.com/title/tt0120755/,movie,6.1,123,2000,"Action, Adventure, Thriller",354176,18-05-00,John Woo
tt0120815,9,05-04-21,Saving Private Ryan,https://www.imdb.com/title/tt0120815/,movie,8.6,169,1998,"Drama, War",1427847,21-07-98,Steven Spielberg
tt0120915,8,15-07-21,Star Wars: Episode I - The Phantom Menace,https://www.imdb.com/title/tt0120915/,movie,6.5,136,1999,"Action, Adventure, Fantasy, Sci-Fi",826888,16-05-99,George Lucas
tt1210166,7,15-07-21,Moneyball,https://www.imdb.com/title/tt1210166/,movie,7.6,133,2011,"Biography, Drama, Sport",441406,09-09-11,Bennett Miller
tt1211956,6,15-07-21,Escape Plan,https://www.imdb.com/title/tt1211956/,movie,6.7,115,2013,"Action, Thriller",250272,18-07-13,Mikael Håfström
tt0121765,7,15-07-21,Star Wars: Episode II - Attack of the Clones,https://www.imdb.com/title/tt0121765/,movie,6.6,142,2002,"Action, Adventure, Fantasy, Sci-Fi",731462,12-05-02,George Lucas
tt0121766,8,15-07-21,Star Wars: Episode III - Revenge of the Sith,https://www.imdb.com/title/tt0121766/,movie,7.6,140,2005,"Action, Adventure, Fantasy, Sci-Fi",814117,12-05-05,George Lucas
tt1219289,6,15-07-21,Limitless,https://www.imdb.com/title/tt1219289/,movie,7.4,105,2011,"Sci-Fi, Thriller",590731,08-03-11,Neil Burger
tt1226837,7,27-01-23,Beautiful Boy,https://www.imdb.com/title/tt1226837/,movie,7.3,120,2018,"Biography, Drama",87411,07-09-18,Felix van Groeningen
tt1229238,8,14-12-20,Mission: Impossible - Ghost Protocol,https://www.imdb.com/title/tt1229238/,movie,7.4,132,2011,"Action, Adventure, Thriller",502943,07-12-11,Brad Bird
tt1231583,4,15-07-21,Due Date,https://www.imdb.com/title/tt1231583/,movie,6.5,95,2010,"Comedy, Drama",350815,31-10-10,Todd Phillips
tt1232829,7,15-07-21,21 Jump Street,https://www.imdb.com/title/tt1232829/,movie,7.2,109,2012,"Action, Comedy, Crime",576427,12-03-12,"Christopher Miller, Phil Lord"
tt1245492,7,15-07-21,This Is the End,https://www.imdb.com/title/tt1245492/,movie,6.6,107,2013,"Comedy, Fantasy",423305,03-06-13,"Evan Goldberg, Seth Rogen"
tt1250777,7,15-07-21,Kick-Ass,https://www.imdb.com/title/tt1250777/,movie,7.6,117,2010,"Action, Comedy, Crime",576348,12-03-10,Matthew Vaughn
tt1258197,6,27-04-21,Exam,https://www.imdb.com/title/tt1258197/,movie,6.8,101,2009,"Crime, Horror, Mystery, Thriller",120424,30-06-09,Stuart Hazeldine
tt0126029,7,15-07-21,Shrek,https://www.imdb.com/title/tt0126029/,movie,7.9,90,2001,"Animation, Adventure, Comedy, Family, Fantasy, Romance",702120,22-04-01,"Vicky Jenson, Andrew Adamson"
tt1270797,3,15-07-21,Venom,https://www.imdb.com/title/tt1270797/,movie,6.6,112,2018,"Action, Adventure, Sci-Fi",508256,01-10-18,Ruben Fleischer
tt1272878,6,27-10-21,2 Guns,https://www.imdb.com/title/tt1272878/,movie,6.7,109,2013,"Action, Thriller",219264,30-07-13,Baltasar Kormákur
tt12738164,7,16-01-22,Aykut Eniste 2,https://www.imdb.com/title/tt12738164/,movie,6.5,115,2021,Comedy,3329,03-12-21,Onur Bilgetay
tt1286126,8,27-04-21,A.R.O.G,https://www.imdb.com/title/tt1286126/,movie,7.3,127,2008,"Comedy, Fantasy, Sci-Fi",43659,04-12-08,"Cem Yilmaz, Ali Taner Baltaci"
tt1287845,6,27-06-22,Kung Fu Panda: Secrets of the Furious Five,https://www.imdb.com/title/tt1287845/,video,7.1,25,2008,"Animation, Short, Action, Comedy, Family",8611,09-11-08,Raman Hui
tt1298650,6,15-07-21,Pirates of the Caribbean: On Stranger Tides,https://www.imdb.com/title/tt1298650/,movie,6.6,137,2011,"Action, Adventure, Fantasy",542996,07-05-11,Rob Marshall
tt13045890,6,15-07-21,Kagittan Hayatlar,https://www.imdb.com/title/tt13045890/,movie,6.6,96,2021,Drama,12925,01-03-21,Can Ulkay
tt13193510,8,17-07-21,The Program audio series,https://www.imdb.com/title/tt13193510/,podcastSeries,9.7,,2019,Sci-Fi,16,20-11-19,
tt0133093,8,05-04-21,The Matrix,https://www.imdb.com/title/tt0133093/,movie,8.7,136,1999,"Action, Sci-Fi",1964147,24-03-99,"Lilly Wachowski, Lana Wachowski"
tt1343092,7,15-07-21,The Great Gatsby,https://www.imdb.com/title/tt1343092/,movie,7.2,143,2013,"Drama, Romance",567311,01-05-13,Baz Luhrmann
tt1355644,7,13-07-21,Passengers,https://www.imdb.com/title/tt1355644/,movie,7,116,2016,"Drama, Romance, Sci-Fi, Thriller",422801,14-12-16,Morten Tyldum
tt1360860,7,15-07-21,Darbareye Elly,https://www.imdb.com/title/tt1360860/,movie,7.9,119,2009,"Drama, Mystery",55193,01-02-09,Asghar Farhadi
tt13717980,6,09-10-21,Kin,https://www.imdb.com/title/tt13717980/,movie,5.5,105,2021,"Crime, Drama, Mystery, Thriller",4597,08-10-21,Turkan Derya
tt1373273,7,15-07-21,Öldür Beni,https://www.imdb.com/title/tt1373273/,movie,5,95,2009,"Comedy, Drama, Mystery, Romance",292,06-02-09,Korhan Ugur
tt0137523,8,11-01-23,Fight Club,https://www.imdb.com/title/tt0137523/,movie,8.8,139,1999,Drama,2194339,10-09-99,David Fincher
tt1375666,8,23-12-19,Inception,https://www.imdb.com/title/tt1375666/,movie,8.8,148,2010,"Action, Adventure, Sci-Fi, Thriller",2421730,08-07-10,Christopher Nolan
tt1386697,4,15-07-21,Suicide Squad,https://www.imdb.com/title/tt1386697/,movie,5.9,123,2016,"Action, Adventure, Fantasy, Sci-Fi",700847,01-08-16,David Ayer
tt1392170,8,15-07-21,The Hunger Games,https://www.imdb.com/title/tt1392170/,movie,7.2,142,2012,"Action, Adventure, Sci-Fi, Thriller",950819,12-03-12,Gary Ross
tt1392190,6,14-07-21,Mad Max: Fury Road,https://www.imdb.com/title/tt1392190/,movie,8.1,120,2015,"Action, Adventure, Sci-Fi, Thriller",1033413,07-05-15,George Miller
tt1392214,9,05-04-21,Prisoners,https://www.imdb.com/title/tt1392214/,movie,8.1,153,2013,"Crime, Drama, Mystery, Thriller",750298,30-08-13,Denis Villeneuve
tt1396218,6,27-04-21,Mr. Popper's Penguins,https://www.imdb.com/title/tt1396218/,movie,6,94,2011,"Comedy, Family, Fantasy",101788,16-06-11,Mark Waters
tt1396484,8,27-04-21,It,https://www.imdb.com/title/tt1396484/,movie,7.3,135,2017,Horror,571811,05-09-17,Andy Muschietti
tt1411697,6,15-07-21,The Hangover Part II,https://www.imdb.com/title/tt1411697/,movie,6.5,102,2011,Comedy,515483,19-05-11,Todd Phillips
tt1428538,6,15-07-21,Hansel & Gretel: Witch Hunters,https://www.imdb.com/title/tt1428538/,movie,6.1,88,2013,"Action, Fantasy, Horror",211592,17-01-13,Tommy Wirkola
tt1431045,6,15-07-21,Deadpool,https://www.imdb.com/title/tt1431045/,movie,8,108,2016,"Action, Comedy",1071800,21-01-16,Tim Miller
tt1436562,7,15-07-21,Rio,https://www.imdb.com/title/tt1436562/,movie,6.9,96,2011,"Animation, Adventure, Comedy, Family, Music, Musical",237771,22-03-11,Carlos Saldanha
tt14369276,5,29-01-22,Babamin Kemani,https://www.imdb.com/title/tt14369276/,movie,6.4,112,2022,Drama,3810,21-01-22,Andaç Haznedaroglu
tt1453405,6,15-07-21,Monsters University,https://www.imdb.com/title/tt1453405/,movie,7.2,104,2013,"Animation, Adventure, Comedy, Family, Fantasy",372688,05-06-13,Dan Scanlon
tt1454468,6,15-07-21,Gravity,https://www.imdb.com/title/tt1454468/,movie,7.7,91,2013,"Drama, Sci-Fi, Thriller",841987,28-08-13,Alfonso Cuarón
tt0145487,8,15-07-21,Spider-Man,https://www.imdb.com/title/tt0145487/,movie,7.4,121,2002,"Action, Adventure, Sci-Fi",842155,30-04-02,Sam Raimi
tt1462758,7,27-04-21,Buried,https://www.imdb.com/title/tt1462758/,movie,7,95,2010,"Drama, Mystery, Thriller",164861,23-01-10,Rodrigo Cortés
tt1477834,3,15-07-21,Aquaman,https://www.imdb.com/title/tt1477834/,movie,6.8,143,2018,"Action, Adventure, Fantasy, Sci-Fi",493571,26-11-18,James Wan
tt1489889,7,14-12-20,Central Intelligence,https://www.imdb.com/title/tt1489889/,movie,6.3,107,2016,"Action, Comedy, Crime",201210,10-06-16,Rawson Marshall Thurber
tt1535108,5,15-07-21,Elysium,https://www.imdb.com/title/tt1535108/,movie,6.6,109,2013,"Action, Drama, Sci-Fi, Thriller",458415,07-08-13,Neill Blomkamp
tt1535109,6,15-07-21,Captain Phillips,https://www.imdb.com/title/tt1535109/,movie,7.8,134,2013,"Action, Biography, Crime, Drama, Thriller",474822,27-09-13,Paul Greengrass
tt1542344,8,15-07-21,127 Hours,https://www.imdb.com/title/tt1542344/,movie,7.5,94,2010,"Biography, Drama",387636,04-09-10,Danny Boyle
tt1567448,7,27-04-21,Yahsi Bati,https://www.imdb.com/title/tt1567448/,movie,7.4,112,2009,"Adventure, Comedy, Fantasy, Western",36972,31-12-09,Ömer Faruk Sorak
tt1590193,6,15-07-21,The Commuter,https://www.imdb.com/title/tt1590193/,movie,6.3,104,2018,"Action, Mystery, Thriller",119943,08-01-18,Jaume Collet-Serra
tt1596345,7,11-01-23,Pawn Sacrifice,https://www.imdb.com/title/tt1596345/,movie,7,115,2014,"Biography, Drama, History, Sport, Thriller",47555,11-09-14,Edward Zwick
tt1599348,6,23-10-21,Safe House,https://www.imdb.com/title/tt1599348/,movie,6.7,115,2012,"Action, Thriller",229086,07-02-12,Daniel Espinosa
tt1605783,6,15-07-21,Midnight in Paris,https://www.imdb.com/title/tt1605783/,movie,7.7,94,2011,"Comedy, Fantasy, Romance",435732,11-05-11,Woody Allen
tt1618434,6,15-07-21,Murder Mystery,https://www.imdb.com/title/tt1618434/,movie,6,97,2019,"Action, Comedy, Crime, Mystery, Romance",156681,14-06-19,Kyle Newacheck
tt0162222,8,15-07-21,Cast Away,https://www.imdb.com/title/tt0162222/,movie,7.8,143,2000,"Adventure, Drama, Romance",611073,07-12-00,Robert Zemeckis
tt1622979,6,15-07-21,Final Destination 5,https://www.imdb.com/title/tt1622979/,movie,5.9,92,2011,"Horror, Thriller",120616,04-08-11,Steven Quale
tt1631867,8,15-07-21,Edge of Tomorrow,https://www.imdb.com/title/tt1631867/,movie,7.9,113,2014,"Action, Adventure, Sci-Fi",701336,28-05-14,Doug Liman
tt1637725,6,15-07-21,Ted,https://www.imdb.com/title/tt1637725/,movie,6.9,106,2012,Comedy,632063,29-06-12,Seth MacFarlane
tt16444502,7,16-01-22,Cem Yilmaz: Diamond Elite Platinum Plus,https://www.imdb.com/title/tt16444502/,tvSpecial,6.6,94,2021,Comedy,9055,31-12-21,Cem Yilmaz
tt1646987,5,15-07-21,Wrath of the Titans,https://www.imdb.com/title/tt1646987/,movie,5.7,99,2012,"Action, Adventure, Fantasy",192407,28-03-12,Jonathan Liebesman
tt1649419,7,15-07-21,Lo imposible,https://www.imdb.com/title/tt1649419/,movie,7.5,114,2012,"Adventure, Drama, History, Thriller",231427,09-09-12,J.A. Bayona
tt1650554,6,15-07-21,Kick-Ass 2,https://www.imdb.com/title/tt1650554/,movie,6.5,103,2013,"Action, Comedy, Crime, Thriller",280425,14-08-13,Jeff Wadlow
tt1663202,7,27-04-21,The Revenant,https://www.imdb.com/title/tt1663202/,movie,8,156,2015,"Action, Adventure, Drama, Western",830159,16-12-15,Alejandro G. Iñárritu
tt1667889,5,15-07-21,Ice Age: Continental Drift,https://www.imdb.com/title/tt1667889/,movie,6.5,88,2012,"Animation, Adventure, Comedy, Family",216572,26-06-12,"Michael Thurmeier, Steve Martino"
tt1670345,7,13-07-21,Now You See Me,https://www.imdb.com/title/tt1670345/,movie,7.2,115,2013,"Crime, Mystery, Thriller",680348,21-05-13,Louis Leterrier
tt0167404,8,27-04-21,The Sixth Sense,https://www.imdb.com/title/tt0167404/,movie,8.2,107,1999,"Drama, Mystery, Thriller",1013328,02-08-99,M. Night Shyamalan
tt1675434,7,27-04-21,Intouchables,https://www.imdb.com/title/tt1675434/,movie,8.5,112,2011,"Biography, Comedy, Drama",884338,23-09-11,"Olivier Nakache, Éric Toledano"
tt1677720,7,15-07-21,Ready Player One,https://www.imdb.com/title/tt1677720/,movie,7.4,140,2018,"Action, Adventure, Sci-Fi",456221,11-03-18,Steven Spielberg
tt1702433,7,27-06-22,Kung Fu Panda Holiday,https://www.imdb.com/title/tt1702433/,tvShort,6.7,21,2010,"Animation, Short, Action, Comedy, Family",6314,24-11-10,Tim Johnson
tt1735898,6,15-07-21,Snow White and the Huntsman,https://www.imdb.com/title/tt1735898/,movie,6.1,127,2012,"Action, Adventure, Drama, Fantasy",295607,14-05-12,Rupert Sanders
tt1748179,7,27-04-21,Red Lights,https://www.imdb.com/title/tt1748179/,movie,6.2,114,2012,"Drama, Fantasy, Mystery",63550,20-01-12,Rodrigo Cortés
tt0175142,6,18-04-21,Scary Movie,https://www.imdb.com/title/tt0175142/,movie,6.2,88,2000,Comedy,272193,07-07-00,Keenen Ivory Wayans
tt1772341,6,15-07-21,Wreck-It Ralph,https://www.imdb.com/title/tt1772341/,movie,7.7,101,2012,"Animation, Adventure, Comedy, Family, Fantasy, Sci-Fi",438690,01-11-12,Rich Moore
tt1790809,5,27-04-21,Pirates of the Caribbean: Dead Men Tell No Tales,https://www.imdb.com/title/tt1790809/,movie,6.5,129,2017,"Action, Adventure, Fantasy",326030,11-05-17,"Espen Sandberg, Joachim Rønning"
tt1815862,5,27-04-21,After Earth,https://www.imdb.com/title/tt1815862/,movie,4.8,100,2013,"Action, Adventure, Sci-Fi",205331,01-05-13,M. Night Shyamalan
tt1821480,5,27-04-21,Kahaani,https://www.imdb.com/title/tt1821480/,movie,8.1,122,2012,"Mystery, Thriller",64126,08-03-12,Sujoy Ghosh
tt1827487,7,15-07-21,Bir Zamanlar Anadolu'da,https://www.imdb.com/title/tt1827487/,movie,7.8,157,2011,"Crime, Drama, Thriller",48054,21-05-11,Nuri Bilge Ceylan
tt1832382,8,05-04-21,Jodaeiye Nader az Simin,https://www.imdb.com/title/tt1832382/,movie,8.3,123,2011,Drama,249992,01-02-11,Asghar Farhadi
tt0183649,5,27-04-21,Phone Booth,https://www.imdb.com/title/tt0183649/,movie,7.1,81,2002,"Crime, Thriller",276786,10-09-02,Joel Schumacher
tt1853728,8,27-04-21,Django Unchained,https://www.imdb.com/title/tt1853728/,movie,8.4,165,2012,"Drama, Western",1605503,11-12-12,Quentin Tarantino
tt1922777,6,15-07-21,Sinister - Entidade do Mal,https://www.imdb.com/title/tt1922777/,movie,6.8,110,2012,"Horror, Mystery, Thriller",264351,11-03-12,Scott Derrickson
tt1935179,6,15-07-21,Mud,https://www.imdb.com/title/tt1935179/,movie,7.4,130,2012,Drama,183702,26-05-12,Jeff Nichols
tt1937149,7,15-07-21,El cuerpo,https://www.imdb.com/title/tt1937149/,movie,7.6,112,2012,"Crime, Drama, Mystery, Thriller",69277,04-10-12,Oriol Paulo
tt1950186,7,22-02-22,Ford v Ferrari,https://www.imdb.com/title/tt1950186/,movie,8.1,152,2019,"Action, Biography, Drama, Sport",422216,30-08-19,James Mangold
tt1951264,6,15-07-21,The Hunger Games: Catching Fire,https://www.imdb.com/title/tt1951264/,movie,7.5,146,2013,"Action, Adventure, Sci-Fi, Thriller",685387,11-11-13,Francis Lawrence
tt1951265,6,15-07-21,The Hunger Games: Mockingjay - Part 1,https://www.imdb.com/title/tt1951265/,movie,6.6,123,2014,"Action, Adventure, Sci-Fi, Thriller",473187,10-11-14,Francis Lawrence
tt1951266,5,15-07-21,The Hunger Games: Mockingjay - Part 2,https://www.imdb.com/title/tt1951266/,movie,6.5,137,2015,"Action, Adventure, Sci-Fi, Thriller",344502,04-11-15,Francis Lawrence
tt1972591,7,15-07-21,King Arthur: Legend of the Sword,https://www.imdb.com/title/tt1972591/,movie,6.7,126,2017,"Action, Adventure, Drama, Fantasy",224104,27-04-17,Guy Ritchie
tt1979376,6,15-07-21,Toy Story 4,https://www.imdb.com/title/tt1979376/,movie,7.7,100,2019,"Animation, Adventure, Comedy, Family, Fantasy",263503,11-06-19,Josh Cooley
tt1985966,6,28-06-22,Cloudy with a Chance of Meatballs 2,https://www.imdb.com/title/tt1985966/,movie,6.3,95,2013,"Animation, Adventure, Comedy, Family, Fantasy, Sci-Fi",109093,26-09-13,"Cody Cameron, Kris Pearn"
tt0198781,7,15-07-21,"Monsters, Inc.",https://www.imdb.com/title/tt0198781/,movie,8.1,92,2001,"Animation, Adventure, Comedy, Family, Fantasy",935351,28-10-01,"David Silverman, Pete Docter, Lee Unkrich"
tt2015381,7,18-04-21,Guardians of the Galaxy,https://www.imdb.com/title/tt2015381/,movie,8,121,2014,"Action, Adventure, Comedy, Sci-Fi",1224787,21-07-14,James Gunn
tt2034800,6,15-07-21,The Great Wall,https://www.imdb.com/title/tt2034800/,movie,5.9,103,2016,"Action, Adventure, Fantasy, Thriller",141280,06-12-16,Yimou Zhang
tt2059171,6,27-04-21,13 Sins,https://www.imdb.com/title/tt2059171/,movie,6.3,93,2014,"Horror, Thriller",37827,07-03-14,Daniel Stamm
tt2085059,9,11-07-21,Black Mirror,https://www.imdb.com/title/tt2085059/,tvSeries,8.8,60,2011,"Drama, Mystery, Sci-Fi, Thriller",586530,04-12-11,
tt0209144,9,05-04-21,Memento,https://www.imdb.com/title/tt0209144/,movie,8.4,113,2000,"Mystery, Thriller",1266975,05-09-00,Christopher Nolan
tt0209163,5,15-07-21,The Mummy Returns,https://www.imdb.com/title/tt0209163/,movie,6.4,130,2001,"Action, Adventure, Fantasy, Thriller",335775,29-04-01,Stephen Sommers
tt2096672,5,27-04-21,Dumb and Dumber To,https://www.imdb.com/title/tt2096672/,movie,5.6,109,2014,Comedy,141302,03-11-14,"Peter Farrelly, Bobby Farrelly"
tt2096673,6,15-07-21,Inside Out,https://www.imdb.com/title/tt2096673/,movie,8.1,95,2015,"Animation, Adventure, Comedy, Drama, Family, Fantasy",739781,18-05-15,"Pete Docter, Ronnie Del Carmen"
tt2103281,6,15-07-21,Dawn of the Planet of the Apes,https://www.imdb.com/title/tt2103281/,movie,7.6,130,2014,"Action, Adventure, Drama, Sci-Fi, Thriller",452740,26-06-14,Matt Reeves
tt2106476,7,23-01-23,Jagten,https://www.imdb.com/title/tt2106476/,movie,8.3,115,2012,Drama,342789,20-05-12,Thomas Vinterberg
tt0217869,6,15-07-21,Unbreakable,https://www.imdb.com/title/tt0217869/,movie,7.3,106,2000,"Drama, Mystery, Sci-Fi, Thriller",428577,14-11-00,M. Night Shyamalan
tt2209764,5,15-07-21,Transcendence,https://www.imdb.com/title/tt2209764/,movie,6.2,119,2014,"Action, Drama, Sci-Fi, Thriller",233794,10-04-14,Wally Pfister
tt2234003,7,11-02-23,Calvary,https://www.imdb.com/title/tt2234003/,movie,7.4,102,2014,"Crime, Drama, Mystery",62185,19-01-14,John Michael McDonagh
tt2241351,6,27-04-21,Money Monster,https://www.imdb.com/title/tt2241351/,movie,6.5,98,2016,"Crime, Drama, Mystery, Thriller",102447,12-05-16,Jodie Foster
tt2245084,7,15-07-21,Big Hero 6,https://www.imdb.com/title/tt2245084/,movie,7.8,102,2014,"Animation, Action, Adventure, Comedy, Crime, Family, Mystery, Sci-Fi",478645,23-10-14,"Chris Williams, Don Hall"
tt2267998,8,14-07-21,Gone Girl,https://www.imdb.com/title/tt2267998/,movie,8.1,149,2014,"Drama, Mystery, Thriller",1011677,26-09-14,David Fincher
tt2273657,6,15-07-21,True Story,https://www.imdb.com/title/tt2273657/,movie,6.3,99,2015,"Biography, Crime, Drama, History, Mystery",70559,23-01-15,Rupert Goold
tt2278388,6,25-07-21,The Grand Budapest Hotel,https://www.imdb.com/title/tt2278388/,movie,8.1,99,2014,"Adventure, Comedy, Crime",842046,06-02-14,Wes Anderson
tt2283362,6,15-07-21,Jumanji: Welcome to the Jungle,https://www.imdb.com/title/tt2283362/,movie,6.9,119,2017,"Action, Adventure, Comedy, Fantasy",398544,05-12-17,Jake Kasdan
tt2293640,6,28-06-22,Minions,https://www.imdb.com/title/tt2293640/,movie,6.4,91,2015,"Animation, Adventure, Comedy, Crime, Family, Sci-Fi",247900,11-06-15,"Pierre Coffin, Kyle Balda"
tt2294629,7,15-07-21,Frozen,https://www.imdb.com/title/tt2294629/,movie,7.4,102,2013,"Animation, Adventure, Comedy, Family, Fantasy, Musical",641157,10-11-13,"Jennifer Lee, Chris Buck"
tt2302755,5,15-07-21,Olympus Has Fallen,https://www.imdb.com/title/tt2302755/,movie,6.5,119,2013,"Action, Thriller",284106,18-03-13,Antoine Fuqua
tt2306299,7,23-12-19,Vikings,https://www.imdb.com/title/tt2306299/,tvSeries,8.5,44,2013,"Action, Adventure, Drama, History, Romance, War",553661,03-03-13,
tt2310332,6,15-07-21,The Hobbit: The Battle of the Five Armies,https://www.imdb.com/title/tt2310332/,movie,7.4,144,2014,"Adventure, Fantasy",549034,01-12-14,Peter Jackson
tt2316204,6,15-07-21,Alien: Covenant,https://www.imdb.com/title/tt2316204/,movie,6.4,122,2017,"Horror, Sci-Fi, Thriller",290722,04-05-17,Ridley Scott
tt0234215,6,15-07-21,The Matrix Reloaded,https://www.imdb.com/title/tt0234215/,movie,7.2,138,2003,"Action, Sci-Fi",610050,07-05-03,"Lilly Wachowski, Lana Wachowski"
tt2357291,6,15-07-21,Rio 2,https://www.imdb.com/title/tt2357291/,movie,6.3,101,2014,"Animation, Adventure, Comedy, Family, Music, Musical",95507,20-03-14,Carlos Saldanha
tt2361509,7,15-07-21,The Intern,https://www.imdb.com/title/tt2361509/,movie,7.1,121,2015,"Comedy, Drama",261800,15-09-15,Nancy Meyers
tt2379713,6,15-07-21,Spectre,https://www.imdb.com/title/tt2379713/,movie,6.8,148,2015,"Action, Adventure, Thriller",451833,26-10-15,Sam Mendes
tt2380307,7,05-04-21,Coco,https://www.imdb.com/title/tt2380307/,movie,8.4,105,2017,"Animation, Adventure, Comedy, Family, Fantasy, Music, Mystery",538355,20-10-17,"Adrian Molina, Lee Unkrich"
tt2381249,7,14-12-20,Mission: Impossible - Rogue Nation,https://www.imdb.com/title/tt2381249/,movie,7.4,131,2015,"Action, Adventure, Thriller",385376,23-07-15,Christopher McQuarrie
tt2397535,8,12-07-21,Predestination,https://www.imdb.com/title/tt2397535/,movie,7.4,97,2014,"Action, Drama, Sci-Fi, Thriller",291928,08-03-14,"Michael Spierig, Peter Spierig"
tt2404311,5,14-12-20,The Family,https://www.imdb.com/title/tt2404311/,movie,6.3,111,2013,"Comedy, Crime, Thriller",120088,10-09-13,Luc Besson
tt0240772,5,15-07-21,Ocean's Eleven,https://www.imdb.com/title/tt0240772/,movie,7.7,116,2001,"Crime, Thriller",593275,05-12-01,Steven Soderbergh
tt0241527,6,15-07-21,Harry Potter and the Sorcerer's Stone,https://www.imdb.com/title/tt0241527/,movie,7.6,152,2001,"Adventure, Family, Fantasy",812433,04-11-01,Chris Columbus
tt0242653,7,15-07-21,The Matrix Revolutions,https://www.imdb.com/title/tt0242653/,movie,6.7,129,2003,"Action, Sci-Fi",526818,16-10-03,"Lilly Wachowski, Lana Wachowski"
tt2436386,7,27-04-21,Project Almanac,https://www.imdb.com/title/tt2436386/,movie,6.3,106,2015,"Drama, Mystery, Sci-Fi, Thriller",82128,28-01-15,Dean Israelite
tt0246578,6,15-07-21,Donnie Darko,https://www.imdb.com/title/tt0246578/,movie,8,113,2001,"Drama, Mystery, Sci-Fi, Thriller",821336,19-01-01,Richard Kelly
tt2488496,5,18-04-21,Star Wars: Episode VII - The Force Awakens,https://www.imdb.com/title/tt2488496/,movie,7.8,138,2015,"Action, Adventure, Sci-Fi",949103,14-12-15,J.J. Abrams
tt0252245,7,15-07-21,Atla Gel Saban,https://www.imdb.com/title/tt0252245/,movie,7.6,83,1984,"Comedy, Drama",5039,,Natuk Baytan
tt2527336,4,15-07-21,Star Wars: Episode VIII - The Last Jedi,https://www.imdb.com/title/tt2527336/,movie,6.9,152,2017,"Action, Adventure, Fantasy, Sci-Fi",649423,09-12-17,Rian Johnson
tt2527338,3,15-07-21,Star Wars: Episode IX - The Rise of Skywalker,https://www.imdb.com/title/tt2527338/,movie,6.5,141,2019,"Action, Adventure, Fantasy, Sci-Fi",469343,16-12-19,J.J. Abrams
tt0253474,7,05-04-21,The Pianist,https://www.imdb.com/title/tt0253474/,movie,8.5,150,2002,"Biography, Drama, Music, War",859308,24-05-02,Roman Polanski
tt0253822,7,15-07-21,Tokatçi,https://www.imdb.com/title/tt0253822/,movie,7.7,83,1983,"Comedy, Crime",6049,,Natuk Baytan
tt2543164,6,28-07-21,Arrival,https://www.imdb.com/title/tt2543164/,movie,7.9,116,2016,"Drama, Mystery, Sci-Fi",721992,01-09-16,Denis Villeneuve
tt0258000,5,15-07-21,Panic Room,https://www.imdb.com/title/tt0258000/,movie,6.8,112,2002,"Crime, Drama, Thriller",287101,18-03-02,David Fincher
tt2582782,7,30-08-22,Hell or High Water,https://www.imdb.com/title/tt2582782/,movie,7.6,102,2016,"Crime, Drama, Thriller, Western",239839,16-05-16,David Mackenzie
tt2582802,10,05-04-21,Whiplash,https://www.imdb.com/title/tt2582802/,movie,8.5,106,2014,"Drama, Music",909743,16-01-14,Damien Chazelle
tt2584384,7,27-04-21,Jojo Rabbit,https://www.imdb.com/title/tt2584384/,movie,7.9,108,2019,"Comedy, Drama, War",412217,08-09-19,Taika Waititi
tt0258463,6,15-07-21,The Bourne Identity,https://www.imdb.com/title/tt0258463/,movie,7.9,119,2002,"Action, Mystery, Thriller",559946,06-06-02,Doug Liman
tt0264464,7,14-07-21,Catch Me If You Can,https://www.imdb.com/title/tt0264464/,movie,8.1,141,2002,"Biography, Crime, Drama",1025884,16-12-02,Steven Spielberg
tt0266543,6,05-04-21,Finding Nemo,https://www.imdb.com/title/tt0266543/,movie,8.2,100,2003,"Animation, Adventure, Comedy, Family",1069784,18-05-03,"Andrew Stanton, Lee Unkrich"
tt0267913,5,15-07-21,Scooby-Doo,https://www.imdb.com/title/tt0267913/,movie,5.2,89,2002,"Adventure, Comedy, Family, Fantasy, Mystery",119187,08-06-02,Raja Gosnell
tt2704998,7,15-07-21,Game Night,https://www.imdb.com/title/tt2704998/,movie,6.9,100,2018,"Action, Adventure, Comedy, Crime, Thriller",245393,15-02-18,"John Francis Daley, Jonathan Goldstein"
tt2709768,6,15-07-21,The Secret Life of Pets,https://www.imdb.com/title/tt2709768/,movie,6.5,87,2016,"Animation, Adventure, Comedy, Family",209159,16-06-16,Chris Renaud
tt2713180,7,15-07-21,Fury,https://www.imdb.com/title/tt2713180/,movie,7.6,134,2014,"Action, Drama, War",514374,15-10-14,David Ayer
tt2719848,6,15-07-21,Everest,https://www.imdb.com/title/tt2719848/,movie,7.1,121,2015,"Action, Adventure, Biography, Drama, Thriller",224610,02-09-15,Baltasar Kormákur
tt2737304,6,15-07-21,Bird Box,https://www.imdb.com/title/tt2737304/,movie,6.6,124,2018,"Horror, Mystery, Sci-Fi",360647,12-11-18,Susanne Bier
tt2758880,7,05-04-21,Kis Uykusu,https://www.imdb.com/title/tt2758880/,movie,8.1,196,2014,Drama,53335,16-05-14,Nuri Bilge Ceylan
tt0278504,7,15-07-21,Insomnia,https://www.imdb.com/title/tt0278504/,movie,7.2,118,2002,"Drama, Mystery, Thriller",303837,03-05-02,Christopher Nolan
tt2788710,6,15-07-21,The Interview,https://www.imdb.com/title/tt2788710/,movie,6.5,112,2014,"Action, Adventure, Comedy",342170,11-12-14,"Evan Goldberg, Seth Rogen"
tt2802144,6,15-07-21,Kingsman: The Secret Service,https://www.imdb.com/title/tt2802144/,movie,7.7,129,2014,"Action, Adventure, Comedy, Thriller",688892,13-12-14,Matthew Vaughn
tt2837574,6,15-07-21,The Old Man & the Gun,https://www.imdb.com/title/tt2837574/,movie,6.7,93,2018,"Biography, Comedy, Crime, Drama, Romance",48001,31-08-18,David Lowery
tt2854926,7,15-07-21,Tag,https://www.imdb.com/title/tt2854926/,movie,6.5,100,2018,"Action, Comedy",140319,14-06-18,Jeff Tomsic
tt2866360,7,15-07-21,Coherence,https://www.imdb.com/title/tt2866360/,movie,7.2,89,2013,"Drama, Mystery, Sci-Fi, Thriller",136948,19-09-13,James Ward Byrkit
tt2872518,6,20-08-22,The Shack,https://www.imdb.com/title/tt2872518/,movie,6.3,132,2017,"Drama, Fantasy",37722,01-03-17,Stuart Hazeldine
tt2872718,10,15-07-21,Nightcrawler,https://www.imdb.com/title/tt2872718/,movie,7.8,117,2014,"Crime, Drama, Thriller",571882,05-09-14,Dan Gilroy
tt2872732,5,15-07-21,Lucy,https://www.imdb.com/title/tt2872732/,movie,6.4,89,2014,"Action, Sci-Fi, Thriller",513414,25-07-14,Luc Besson
tt2884018,7,15-07-21,Macbeth,https://www.imdb.com/title/tt2884018/,movie,6.6,113,2015,"Drama, History, War",58263,23-05-15,Justin Kurzel
tt0289879,7,15-07-21,The Butterfly Effect,https://www.imdb.com/title/tt0289879/,movie,7.6,113,2004,"Drama, Sci-Fi, Thriller",503042,17-01-04,"J. Mackye Gruber, Eric Bress"
tt2910814,6,27-04-21,The Signal,https://www.imdb.com/title/tt2910814/,movie,6,97,2014,"Drama, Mystery, Sci-Fi, Thriller",67500,20-01-14,William Eubank
tt2911666,8,15-07-21,John Wick,https://www.imdb.com/title/tt2911666/,movie,7.4,101,2014,"Action, Crime, Thriller",700326,19-09-14,"David Leitch, Chad Stahelski"
tt2948356,7,15-07-21,Zootopia,https://www.imdb.com/title/tt2948356/,movie,8,108,2016,"Animation, Adventure, Comedy, Crime, Family, Mystery",518511,10-02-16,"Rich Moore, Jared Bush, Byron Howard"
tt2948372,5,15-07-21,Soul,https://www.imdb.com/title/tt2948372/,movie,8,100,2020,"Animation, Adventure, Comedy, Drama, Family, Fantasy, Music",347711,11-10-20,"Pete Docter, Kemp Powers"
tt0295297,7,15-07-21,Harry Potter and the Chamber of Secrets,https://www.imdb.com/title/tt0295297/,movie,7.4,161,2002,"Adventure, Family, Fantasy, Mystery",658785,03-11-02,Chris Columbus
tt2975590,6,15-07-21,Batman v Superman: Dawn of Justice,https://www.imdb.com/title/tt2975590/,movie,6.4,151,2016,"Action, Adventure, Sci-Fi",713977,12-03-16,Zack Snyder
tt0298130,6,15-07-21,The Ring,https://www.imdb.com/title/tt0298130/,movie,7.1,115,2002,"Horror, Mystery",361136,02-10-02,Gore Verbinski
tt0298148,6,15-07-21,Shrek 2,https://www.imdb.com/title/tt0298148/,movie,7.3,93,2004,"Animation, Adventure, Comedy, Family, Fantasy, Romance",482884,08-05-04,"Conrad Vernon, Kelly Asbury, Andrew Adamson"
tt3007512,6,15-07-21,The Water Diviner,https://www.imdb.com/title/tt3007512/,movie,7,111,2014,"Drama, History, War",76784,11-12-14,Russell Crowe
tt0304141,6,15-07-21,Harry Potter and the Prisoner of Azkaban,https://www.imdb.com/title/tt0304141/,movie,7.9,142,2004,"Adventure, Family, Fantasy, Mystery",657796,23-05-04,Alfonso Cuarón
tt3062096,5,15-07-21,Inferno,https://www.imdb.com/title/tt3062096/,movie,6.2,121,2016,"Action, Adventure, Crime, Drama, Mystery, Thriller",182729,08-10-16,Ron Howard
tt3065204,7,15-07-21,The Conjuring 2,https://www.imdb.com/title/tt3065204/,movie,7.3,134,2016,"Horror, Mystery, Thriller",282872,13-05-16,James Wan
tt0309698,6,15-07-21,Identity,https://www.imdb.com/title/tt0309698/,movie,7.3,90,2003,"Mystery, Thriller",257309,23-04-03,James Mangold
tt3110958,6,13-07-21,Now You See Me 2,https://www.imdb.com/title/tt3110958/,movie,6.4,129,2016,"Action, Adventure, Comedy, Crime, Mystery, Thriller",304427,02-06-16,Jon M. Chu
tt3118452,5,15-07-21,Circle,https://www.imdb.com/title/tt3118452/,movie,6,87,2015,"Drama, Horror, Mystery, Sci-Fi, Thriller",61455,28-05-15,"Mario Miscione, Aaron Hann"
tt0315327,8,15-07-21,Bruce Almighty,https://www.imdb.com/title/tt0315327/,movie,6.8,101,2003,"Comedy, Fantasy",416995,14-05-03,Tom Shadyac
tt0316654,8,15-07-21,Spider-Man 2,https://www.imdb.com/title/tt0316654/,movie,7.4,127,2004,"Action, Adventure, Sci-Fi",675701,25-06-04,Sam Raimi
tt3170832,6,05-04-21,Room,https://www.imdb.com/title/tt3170832/,movie,8.1,118,2015,"Drama, Thriller",432913,04-09-15,Lenny Abrahamson
tt0317219,7,15-07-21,Cars,https://www.imdb.com/title/tt0317219/,movie,7.2,117,2006,"Animation, Adventure, Comedy, Family, Sport",441112,14-03-06,"John Lasseter, Joe Ranft"
tt0317705,8,15-07-21,The Incredibles,https://www.imdb.com/title/tt0317705/,movie,8,115,2004,"Animation, Action, Adventure, Family",764998,27-10-04,Brad Bird
tt0317919,5,14-12-20,Mission: Impossible III,https://www.imdb.com/title/tt0317919/,movie,6.9,126,2006,"Action, Adventure, Thriller",367844,24-04-06,J.J. Abrams
tt3205376,4,27-04-21,Slow West,https://www.imdb.com/title/tt3205376/,movie,6.9,84,2015,"Action, Adventure, Drama, Romance, Thriller, Western",46699,24-01-15,John Maclean
tt0325710,7,15-07-21,The Last Samurai,https://www.imdb.com/title/tt0325710/,movie,7.8,154,2003,"Action, Drama",453190,22-11-03,Edward Zwick
tt0325980,7,14-12-20,Pirates of the Caribbean: The Curse of the Black Pearl,https://www.imdb.com/title/tt0325980/,movie,8.1,143,2003,"Action, Adventure, Fantasy",1157232,28-06-03,Gore Verbinski
tt3263904,6,15-07-21,Sully,https://www.imdb.com/title/tt3263904/,movie,7.4,96,2016,"Biography, Drama",284132,02-09-16,Clint Eastwood
tt0328107,7,27-10-21,Man on Fire,https://www.imdb.com/title/tt0328107/,movie,7.7,146,2004,"Action, Crime, Drama, Thriller",372870,18-04-04,Tony Scott
tt0330373,5,15-07-21,Harry Potter and the Goblet of Fire,https://www.imdb.com/title/tt0330373/,movie,7.7,157,2005,"Adventure, Family, Fantasy, Mystery",649031,06-11-05,Mike Newell
tt3315342,6,05-04-21,Logan,https://www.imdb.com/title/tt3315342/,movie,8.1,137,2017,"Action, Drama, Sci-Fi, Thriller",790807,17-02-17,James Mangold
tt3374966,6,15-07-21,La mafia uccide solo d'estate,https://www.imdb.com/title/tt3374966/,movie,7.1,90,2013,"Comedy, Crime, Drama",8654,25-11-13,Pif
tt0338013,6,31-01-23,Eternal Sunshine of the Spotless Mind,https://www.imdb.com/title/tt0338013/,movie,8.3,108,2004,"Drama, Romance, Sci-Fi",1033979,09-03-04,Michel Gondry
tt0338348,7,27-04-21,The Polar Express,https://www.imdb.com/title/tt0338348/,movie,6.6,100,2004,"Animation, Adventure, Comedy, Family, Fantasy, Musical",223115,21-10-04,Robert Zemeckis
tt3399024,6,27-04-21,Samba,https://www.imdb.com/title/tt3399024/,movie,6.7,118,2014,"Comedy, Drama, Romance",16926,07-09-14,"Olivier Nakache, Éric Toledano"
tt3402236,7,15-07-21,Murder on the Orient Express,https://www.imdb.com/title/tt3402236/,movie,6.5,114,2017,"Crime, Drama, Mystery",269565,03-11-17,Kenneth Branagh
tt0343818,7,15-07-21,"I, Robot",https://www.imdb.com/title/tt0343818/,movie,7.1,115,2004,"Action, Mystery, Sci-Fi, Thriller",556032,07-07-04,Alex Proyas
tt3460252,8,15-07-21,The Hateful Eight,https://www.imdb.com/title/tt3460252/,movie,7.8,168,2015,"Crime, Drama, Mystery, Thriller, Western",625787,07-12-15,Quentin Tarantino
tt0346094,7,08-02-23,Uzak,https://www.imdb.com/title/tt0346094/,movie,7.5,110,2002,Drama,21658,31-10-02,Nuri Bilge Ceylan
tt3488710,6,27-04-21,The Walk,https://www.imdb.com/title/tt3488710/,movie,7.3,123,2015,"Adventure, Biography, Drama, History",131846,26-09-15,Robert Zemeckis
tt3498820,5,15-07-21,Captain America: Civil War,https://www.imdb.com/title/tt3498820/,movie,7.8,147,2016,"Action, Sci-Fi",814854,12-04-16,"Anthony Russo, Joe Russo"
tt0351283,8,15-07-21,Madagascar,https://www.imdb.com/title/tt0351283/,movie,6.9,86,2005,"Animation, Adventure, Comedy, Family",418803,25-05-05,"Tom McGrath, Eric Darnell"
tt3521164,7,15-07-21,Moana,https://www.imdb.com/title/tt3521164/,movie,7.6,107,2016,"Animation, Adventure, Comedy, Family, Fantasy, Musical",353534,14-11-16,"Don Hall, Ron Clements, Chris Williams, John Musker"
tt0359950,6,15-07-21,The Secret Life of Walter Mitty,https://www.imdb.com/title/tt0359950/,movie,7.3,114,2013,"Adventure, Comedy, Drama, Fantasy, Romance",327298,05-10-13,Ben Stiller
tt3606756,6,15-07-21,Incredibles 2,https://www.imdb.com/title/tt3606756/,movie,7.6,118,2018,"Animation, Action, Adventure, Comedy, Family, Sci-Fi",311397,05-06-18,Brad Bird
tt0360717,8,15-07-21,King Kong,https://www.imdb.com/title/tt0360717/,movie,7.2,187,2005,"Action, Adventure, Drama, Romance",434224,05-12-05,Peter Jackson
tt0361748,7,05-04-21,Inglourious Basterds,https://www.imdb.com/title/tt0361748/,movie,8.3,153,2009,"Adventure, Drama, War",1497303,20-05-09,Quentin Tarantino
tt0363771,8,15-07-21,"The Chronicles of Narnia: The Lion, the Witch and the Wardrobe",https://www.imdb.com/title/tt0363771/,movie,6.9,143,2005,"Adventure, Family, Fantasy",411256,07-12-05,Andrew Adamson
tt3659388,7,18-04-21,The Martian,https://www.imdb.com/title/tt3659388/,movie,8,144,2015,"Adventure, Drama, Sci-Fi",881759,11-09-15,Ridley Scott
tt0366548,6,15-07-21,Happy Feet,https://www.imdb.com/title/tt0366548/,movie,6.4,108,2006,"Animation, Adventure, Comedy, Family, Music, Musical, Romance",193172,16-11-06,"Judy Morris, Warren Coleman, George Miller"
tt0367882,8,15-07-21,Indiana Jones and the Kingdom of the Crystal Skull,https://www.imdb.com/title/tt0367882/,movie,6.2,122,2008,"Action, Adventure",467454,18-05-08,Steven Spielberg
tt0369441,5,27-04-21,Fun with Dick and Jane,https://www.imdb.com/title/tt0369441/,movie,6.2,90,2005,"Comedy, Crime",149459,21-12-05,Dean Parisot
tt0369610,7,15-07-21,Jurassic World,https://www.imdb.com/title/tt0369610/,movie,6.9,124,2015,"Action, Adventure, Sci-Fi",658599,29-05-15,Colin Trevorrow
tt3698408,7,27-04-21,Pek Yakinda,https://www.imdb.com/title/tt3698408/,movie,7.3,134,2014,"Comedy, Drama, Romance",34923,02-10-14,Cem Yilmaz
tt0372183,6,15-07-21,The Bourne Supremacy,https://www.imdb.com/title/tt0372183/,movie,7.7,108,2004,"Action, Mystery, Thriller",474411,16-07-04,Paul Greengrass
tt3731562,2,15-07-21,Kong: Skull Island,https://www.imdb.com/title/tt3731562/,movie,6.6,118,2017,"Action, Adventure, Fantasy, Sci-Fi",331124,02-01-17,Jordan Vogt-Roberts
tt0373889,6,15-07-21,Harry Potter and the Order of the Phoenix,https://www.imdb.com/title/tt0373889/,movie,7.5,138,2007,"Action, Adventure, Family, Fantasy, Mystery",603141,28-06-07,David Yates
tt3741700,2,15-07-21,Godzilla: King of the Monsters,https://www.imdb.com/title/tt3741700/,movie,6,132,2019,"Action, Adventure, Fantasy, Sci-Fi",191476,29-05-19,Michael Dougherty
tt3741834,6,15-07-21,Lion,https://www.imdb.com/title/tt3741834/,movie,8,118,2016,"Biography, Drama",243070,10-09-16,Garth Davis
tt3774114,6,15-07-21,Snowden,https://www.imdb.com/title/tt3774114/,movie,7.3,134,2016,"Biography, Crime, Drama, Thriller",157213,21-07-16,Oliver Stone
tt0381061,6,15-07-21,Casino Royale,https://www.imdb.com/title/tt0381061/,movie,8,144,2006,"Action, Adventure, Thriller",672371,14-11-06,Martin Campbell
tt0381849,7,24-01-22,3:10 to Yuma,https://www.imdb.com/title/tt0381849/,movie,7.7,122,2007,"Action, Crime, Drama, Western",321246,21-08-07,James Mangold
tt0383574,7,27-04-21,Pirates of the Caribbean: Dead Man's Chest,https://www.imdb.com/title/tt0383574/,movie,7.3,151,2006,"Action, Adventure, Fantasy",738714,24-06-06,Gore Verbinski
tt0384116,8,27-04-21,G.O.R.A.,https://www.imdb.com/title/tt0384116/,movie,8,127,2004,"Adventure, Comedy, Sci-Fi",64682,12-11-04,Ömer Faruk Sorak
tt3890160,6,15-07-21,Baby Driver,https://www.imdb.com/title/tt3890160/,movie,7.6,113,2017,"Action, Crime, Drama, Music",569498,11-03-17,Edgar Wright
tt3896198,5,15-07-21,Guardians of the Galaxy Vol. 2,https://www.imdb.com/title/tt3896198/,movie,7.6,136,2017,"Action, Adventure, Comedy, Sci-Fi",720052,10-04-17,James Gunn
tt0389790,6,15-07-21,Bee Movie,https://www.imdb.com/title/tt0389790/,movie,6.1,91,2007,"Animation, Adventure, Comedy, Drama, Family",170763,28-10-07,"Simon J. Smith, Steve Hickner"
tt0395169,5,27-04-21,Hotel Rwanda,https://www.imdb.com/title/tt0395169/,movie,8.1,121,2004,"Biography, Drama, History, War",362517,11-09-04,Terry George
tt0397892,8,15-07-21,Bolt,https://www.imdb.com/title/tt0397892/,movie,6.8,96,2008,"Animation, Adventure, Comedy, Crime, Drama, Family, Sci-Fi",219648,17-11-08,"Byron Howard, Chris Williams"
tt4034228,6,23-01-23,Manchester by the Sea,https://www.imdb.com/title/tt4034228/,movie,7.8,137,2016,Drama,294718,23-01-16,Kenneth Lonergan
tt4062536,6,15-07-21,Green Room,https://www.imdb.com/title/tt4062536/,movie,7,95,2015,"Crime, Drama, Horror, Music, Thriller",131828,17-05-15,Jeremy Saulnier
tt0407887,7,18-04-21,The Departed,https://www.imdb.com/title/tt0407887/,movie,8.5,151,2006,"Crime, Drama, Thriller",1360569,26-09-06,Martin Scorsese
tt0413300,7,15-07-21,Spider-Man 3,https://www.imdb.com/title/tt0413300/,movie,6.3,139,2007,"Action, Adventure, Sci-Fi",610542,03-04-07,Sam Raimi
tt4154664,3,15-07-21,Captain Marvel,https://www.imdb.com/title/tt4154664/,movie,6.8,123,2019,"Action, Adventure, Sci-Fi",581744,27-02-19,"Anna Boden, Ryan Fleck"
tt4154796,6,26-07-21,Avengers: Endgame,https://www.imdb.com/title/tt4154796/,movie,8.4,181,2019,"Action, Adventure, Drama, Sci-Fi",1187189,22-04-19,"Anthony Russo, Joe Russo"
tt4160708,7,15-07-21,Don't Breathe,https://www.imdb.com/title/tt4160708/,movie,7.1,88,2016,"Crime, Horror, Thriller",286779,12-03-16,Fede Alvarez
tt0416449,8,15-07-21,300,https://www.imdb.com/title/tt0416449/,movie,7.6,117,2006,"Action, Drama",838392,09-12-06,Zack Snyder
tt0417741,6,15-07-21,Harry Potter and the Half-Blood Prince,https://www.imdb.com/title/tt0417741/,movie,7.6,153,2009,"Action, Adventure, Family, Fantasy, Mystery",566135,06-07-09,David Yates
tt4196776,6,15-07-21,Jason Bourne,https://www.imdb.com/title/tt4196776/,movie,6.6,123,2016,"Action, Thriller",234342,03-07-16,Paul Greengrass
tt0421715,7,15-07-21,The Curious Case of Benjamin Button,https://www.imdb.com/title/tt0421715/,movie,7.8,166,2008,"Drama, Fantasy, Romance",669927,10-12-08,David Fincher
tt4244998,5,15-07-21,Alpha,https://www.imdb.com/title/tt4244998/,movie,6.6,96,2018,"Action, Adventure, Drama",64509,16-08-18,Albert Hughes
tt0425061,6,15-07-21,Get Smart,https://www.imdb.com/title/tt0425061/,movie,6.5,110,2008,"Action, Adventure, Comedy",223057,19-06-08,Peter Segal
tt0425112,7,15-07-21,Hot Fuzz,https://www.imdb.com/title/tt0425112/,movie,7.8,121,2007,"Action, Comedy, Mystery, Thriller",518600,13-02-07,Edgar Wright
tt4263482,5,27-04-21,The VVitch: A New-England Folktale,https://www.imdb.com/title/tt4263482/,movie,6.9,92,2015,"Drama, Fantasy, Horror, Mystery, Thriller",278183,23-01-15,Robert Eggers
tt0432348,7,15-07-21,Saw II,https://www.imdb.com/title/tt0432348/,movie,6.6,93,2005,"Horror, Mystery",260956,28-10-05,Darren Lynn Bousman
tt4332232,7,15-07-21,Fractured,https://www.imdb.com/title/tt4332232/,movie,6.4,99,2019,Thriller,83542,22-09-19,Brad Anderson
tt0434409,7,05-04-21,V for Vendetta,https://www.imdb.com/title/tt0434409/,movie,8.2,132,2005,"Action, Drama, Sci-Fi, Thriller",1143101,11-12-05,James McTeigue
tt0435761,6,05-04-21,Toy Story 3,https://www.imdb.com/title/tt0435761/,movie,8.3,103,2010,"Animation, Adventure, Comedy, Family, Fantasy",857888,12-06-10,Lee Unkrich
tt0440963,6,15-07-21,The Bourne Ultimatum,https://www.imdb.com/title/tt0440963/,movie,8,115,2007,"Action, Mystery, Thriller",645064,25-07-07,Paul Greengrass
tt0441773,8,15-07-21,Kung Fu Panda,https://www.imdb.com/title/tt0441773/,movie,7.6,92,2008,"Animation, Action, Adventure, Comedy, Family, Fantasy",490814,15-05-08,"Mark Osborne, John Stevenson"
tt4425200,6,15-07-21,John Wick: Chapter 2,https://www.imdb.com/title/tt4425200/,movie,7.4,122,2017,"Action, Crime, Thriller",481210,30-01-17,Chad Stahelski
tt0443680,7,24-01-22,The Assassination of Jesse James by the Coward Robert Ford,https://www.imdb.com/title/tt0443680/,movie,7.5,160,2007,"Biography, Crime, Drama, History, Western",187305,02-09-07,Andrew Dominik
tt0443706,4,15-07-21,Zodiac,https://www.imdb.com/title/tt0443706/,movie,7.7,157,2007,"Crime, Drama, Mystery, Thriller",563736,28-02-07,David Fincher
tt0448694,6,15-07-21,Puss in Boots,https://www.imdb.com/title/tt0448694/,movie,6.6,90,2011,"Animation, Adventure, Comedy, Family, Fantasy, Mystery, Romance",182388,23-10-11,Chris Miller
tt0449088,8,27-04-21,Pirates of the Caribbean: At World's End,https://www.imdb.com/title/tt0449088/,movie,7.1,169,2007,"Action, Adventure, Fantasy",668676,19-05-07,Gore Verbinski
tt0454841,6,15-07-21,The Hills Have Eyes,https://www.imdb.com/title/tt0454841/,movie,6.4,107,2006,"Horror, Thriller",177143,10-03-06,Alexandre Aja
tt0454876,7,15-07-21,Life of Pi,https://www.imdb.com/title/tt0454876/,movie,7.9,127,2012,"Adventure, Drama, Fantasy",646777,28-09-12,Ang Lee
tt0454921,9,15-07-21,The Pursuit of Happyness,https://www.imdb.com/title/tt0454921/,movie,8,117,2006,"Biography, Drama",532678,15-12-06,Gabriele Muccino
tt4572514,6,15-07-21,Patriots Day,https://www.imdb.com/title/tt4572514/,movie,7.3,133,2016,"Action, Crime, Drama, History, Thriller",108086,17-11-16,Peter Berg
tt4574334,8,23-12-19,Stranger Things,https://www.imdb.com/title/tt4574334/,tvSeries,8.7,51,2016,"Drama, Fantasy, Horror, Mystery, Sci-Fi, Thriller",1250419,11-07-16,
tt4633694,7,05-04-21,Spider-Man: Into the Spider-Verse,https://www.imdb.com/title/tt4633694/,movie,8.4,117,2018,"Animation, Action, Adventure, Comedy, Family, Fantasy, Sci-Fi",594940,06-12-18,"Bob Persichetti, Rodney Rothman, Peter Ramsey"
tt0463854,7,15-07-21,28 Weeks Later,https://www.imdb.com/title/tt0463854/,movie,6.9,100,2007,"Action, Adventure, Horror, Sci-Fi",284148,26-04-07,Juan Carlos Fresnadillo
tt4649466,6,15-07-21,Kingsman: The Golden Circle,https://www.imdb.com/title/tt4649466/,movie,6.7,141,2017,"Action, Adventure, Comedy, Crime, Thriller",344661,20-09-17,Matthew Vaughn
tt4682786,6,15-07-21,Collateral Beauty,https://www.imdb.com/title/tt4682786/,movie,6.8,97,2016,"Drama, Romance",102888,12-12-16,David Frankel
tt0468569,10,23-12-19,The Dark Knight,https://www.imdb.com/title/tt0468569/,movie,9,152,2008,"Action, Crime, Drama, Thriller",2728840,14-07-08,Christopher Nolan
tt4695012,8,27-04-21,It Comes at Night,https://www.imdb.com/title/tt4695012/,movie,6.2,91,2017,"Drama, Horror, Mystery, Sci-Fi, Thriller",98127,29-04-17,Trey Edward Shults
tt0472033,6,04-09-22,9,https://www.imdb.com/title/tt0472033/,movie,7,79,2009,"Animation, Action, Adventure, Drama, Fantasy, Sci-Fi, Thriller",143455,19-08-09,Shane Acker
tt0473075,6,15-07-21,Prince of Persia: The Sands of Time,https://www.imdb.com/title/tt0473075/,movie,6.6,116,2010,"Action, Adventure, Fantasy",296643,09-05-10,Mike Newell
tt4736550,6,27-04-21,The Great Hack,https://www.imdb.com/title/tt4736550/,movie,7,114,2019,"Documentary, Biography, History",24429,26-01-19,"Karim Amer, Jehane Noujaim"
tt0475784,8,13-07-21,Westworld,https://www.imdb.com/title/tt0475784/,tvSeries,8.5,62,2016,"Drama, Mystery, Sci-Fi",516813,30-09-16,
tt0477348,7,23-01-23,No Country for Old Men,https://www.imdb.com/title/tt0477348/,movie,8.2,122,2007,"Crime, Drama, Thriller",1004866,19-05-07,"Joel Coen, Ethan Coen"
tt4779682,5,15-07-21,The Meg,https://www.imdb.com/title/tt4779682/,movie,5.6,113,2018,"Action, Horror, Sci-Fi, Thriller",181563,08-08-18,Jon Turteltaub
tt4800046,6,14-12-20,Yok Artik,https://www.imdb.com/title/tt4800046/,movie,5.8,99,2015,Comedy,3795,25-09-15,Caner Özyurtlu
tt0480249,10,15-07-21,I Am Legend,https://www.imdb.com/title/tt0480249/,movie,7.2,101,2007,"Action, Drama, Horror, Sci-Fi, Thriller",781892,05-12-07,Francis Lawrence
tt0480669,5,27-04-21,Los cronocrímenes,https://www.imdb.com/title/tt0480669/,movie,7.1,92,2007,"Horror, Mystery, Sci-Fi, Thriller",66220,20-09-07,Nacho Vigalondo
tt0482571,9,15-07-21,The Prestige,https://www.imdb.com/title/tt0482571/,movie,8.5,130,2006,"Drama, Mystery, Sci-Fi, Thriller",1368760,17-10-06,Christopher Nolan
tt4857264,7,15-07-21,Contratiempo,https://www.imdb.com/title/tt4857264/,movie,8,106,2016,"Crime, Drama, Mystery, Thriller",183488,23-09-16,Oriol Paulo
tt0488120,6,15-07-21,Fracture,https://www.imdb.com/title/tt0488120/,movie,7.2,113,2007,"Crime, Drama, Thriller",211707,11-04-07,Gregory Hoblit
tt4881806,5,15-07-21,Jurassic World: Fallen Kingdom,https://www.imdb.com/title/tt4881806/,movie,6.1,128,2018,"Action, Adventure, Sci-Fi",328467,21-05-18,J.A. Bayona
tt0490215,7,22-01-23,Silence,https://www.imdb.com/title/tt0490215/,movie,7.1,161,2016,"Drama, History",117072,29-11-16,Martin Scorsese
tt4912910,8,27-04-21,Mission: Impossible - Fallout,https://www.imdb.com/title/tt4912910/,movie,7.7,147,2018,"Action, Adventure, Thriller",346448,12-07-18,Christopher McQuarrie
tt0493464,6,15-07-21,Wanted,https://www.imdb.com/title/tt0493464/,movie,6.7,110,2008,"Action, Crime, Thriller",398680,12-06-08,Timur Bekmambetov
tt4972582,8,18-04-21,Split,https://www.imdb.com/title/tt4972582/,movie,7.3,117,2016,"Horror, Thriller",519938,26-09-16,M. Night Shyamalan
tt0499549,6,15-07-21,Avatar,https://www.imdb.com/title/tt0499549/,movie,7.9,162,2009,"Action, Adventure, Fantasy, Sci-Fi",1347503,10-12-09,James Cameron
tt0050083,7,05-04-21,12 Angry Men,https://www.imdb.com/title/tt0050083/,movie,9,96,1957,"Crime, Drama",816392,10-04-57,Sidney Lumet
tt5022702,6,15-07-21,Hush,https://www.imdb.com/title/tt5022702/,movie,6.6,82,2016,"Horror, Thriller",144687,12-03-16,Mike Flanagan
tt5052448,8,15-07-21,Get Out,https://www.imdb.com/title/tt5052448/,movie,7.8,104,2017,"Horror, Mystery, Thriller",643510,23-01-17,Jordan Peele
tt5074352,7,27-04-21,Dangal,https://www.imdb.com/title/tt5074352/,movie,8.3,161,2016,"Action, Biography, Drama, Sport",198045,21-12-16,Nitesh Tiwari
tt5078204,7,27-04-21,Demain tout commence,https://www.imdb.com/title/tt5078204/,movie,7.3,118,2016,"Comedy, Drama",27651,04-11-16,Hugo Gélin
tt5113040,5,15-07-21,The Secret Life of Pets 2,https://www.imdb.com/title/tt5113040/,movie,6.4,86,2019,"Animation, Adventure, Comedy, Family",65506,24-05-19,"Chris Renaud, Jonathan del Val"
tt5180504,7,11-01-23,The Witcher,https://www.imdb.com/title/tt5180504/,tvSeries,8.1,60,2019,"Action, Adventure, Drama, Fantasy, Mystery",521973,20-12-19,
tt5186714,9,05-09-21,Forushande,https://www.imdb.com/title/tt5186714/,movie,7.7,124,2016,"Drama, Thriller",62596,21-05-16,Asghar Farhadi
tt5247022,6,24-01-23,Paterson,https://www.imdb.com/title/tt5247022/,movie,7.3,118,2016,"Comedy, Drama, Romance",85321,16-05-16,Jim Jarmusch
tt5463162,6,15-07-21,Deadpool 2,https://www.imdb.com/title/tt5463162/,movie,7.6,119,2018,"Action, Adventure, Comedy, Sci-Fi",608028,01-05-18,David Leitch
tt5478478,10,11-01-23,Hostiles,https://www.imdb.com/title/tt5478478/,movie,7.2,134,2017,"Drama, Western",90301,02-09-17,Scott Cooper
tt5519340,5,15-07-21,Bright,https://www.imdb.com/title/tt5519340/,movie,6.3,117,2017,"Action, Fantasy, Thriller",195525,13-12-17,David Ayer
tt5638642,6,15-07-21,The Ritual,https://www.imdb.com/title/tt5638642/,movie,6.3,94,2017,"Horror, Mystery, Thriller",109206,08-09-17,David Bruckner
tt5727208,8,27-04-21,Uncut Gems,https://www.imdb.com/title/tt5727208/,movie,7.4,135,2019,"Crime, Drama, Thriller",298306,30-08-19,"Benny Safdie, Josh Safdie"
tt5742374,5,14-12-20,You Were Never Really Here,https://www.imdb.com/title/tt5742374/,movie,6.7,89,2017,"Crime, Drama",123366,27-05-17,Lynne Ramsay
tt5753856,10,23-12-19,Dark,https://www.imdb.com/title/tt5753856/,tvSeries,8.7,60,2017,"Crime, Drama, Mystery, Sci-Fi, Thriller",411592,09-09-17,
tt5774060,5,15-07-21,Underwater,https://www.imdb.com/title/tt5774060/,movie,5.9,95,2020,"Action, Horror, Sci-Fi, Thriller",88400,07-01-20,William Eubank
tt5814060,5,18-04-21,The Nun,https://www.imdb.com/title/tt5814060/,movie,5.3,96,2018,"Horror, Mystery, Thriller",148493,04-09-18,Corin Hardy
tt5814534,6,15-07-21,Spies in Disguise,https://www.imdb.com/title/tt5814534/,movie,6.8,102,2019,"Animation, Action, Adventure, Comedy, Drama, Family, Sci-Fi, Thriller",52935,04-12-19,"Nick Bruno, Troy Quane"
tt5848272,6,15-07-21,Ralph Breaks the Internet,https://www.imdb.com/title/tt5848272/,movie,7,112,2018,"Animation, Adventure, Comedy, Family, Fantasy, Sci-Fi",170997,05-11-18,"Rich Moore, Phil Johnston"
tt5932728,5,15-07-21,The Professor and the Madman,https://www.imdb.com/title/tt5932728/,movie,7.2,124,2019,"Biography, Drama, History",48391,15-03-19,Farhad Safinia
tt6082222,7,14-12-20,Yok Artik 2,https://www.imdb.com/title/tt6082222/,movie,5.3,82,2016,Comedy,2210,07-10-16,Caner Özyurtlu
tt6105098,7,18-04-21,The Lion King,https://www.imdb.com/title/tt6105098/,movie,6.8,118,2019,"Animation, Adventure, Drama, Family, Musical",255435,09-07-19,Jon Favreau
tt6146586,7,15-07-21,John Wick: Chapter 3 - Parabellum,https://www.imdb.com/title/tt6146586/,movie,7.4,130,2019,"Action, Crime, Thriller",395091,15-05-19,Chad Stahelski
tt6214928,6,20-07-21,1922,https://www.imdb.com/title/tt6214928/,movie,6.2,102,2017,"Crime, Drama, Horror, Mystery, Thriller",67676,23-09-17,Zak Hilditch
tt6320628,5,15-07-21,Spider-Man: Far from Home,https://www.imdb.com/title/tt6320628/,movie,7.4,129,2019,"Action, Adventure, Comedy, Sci-Fi",519598,26-06-19,Jon Watts
tt6343314,6,15-07-21,Creed II,https://www.imdb.com/title/tt6343314/,movie,7.1,130,2018,"Action, Drama, Sport",146019,14-11-18,Steven Caple Jr.
tt6450804,4,15-07-21,Terminator: Dark Fate,https://www.imdb.com/title/tt6450804/,movie,6.2,128,2019,"Action, Adventure, Sci-Fi",185231,23-10-19,Tim Miller
tt6628102,7,05-04-21,Ahlat Agaci,https://www.imdb.com/title/tt6628102/,movie,8,188,2018,Drama,25785,18-05-18,Nuri Bilge Ceylan
tt6644200,7,15-07-21,A Quiet Place,https://www.imdb.com/title/tt6644200/,movie,7.5,90,2018,"Drama, Horror, Sci-Fi",551894,09-03-18,John Krasinski
tt6697582,6,27-04-21,Arif V 216,https://www.imdb.com/title/tt6697582/,movie,7,125,2018,"Comedy, Fantasy, Music, Sci-Fi",37769,05-01-18,Kivanç Baruönü
tt6700846,6,20-01-23,AlphaGo,https://www.imdb.com/title/tt6700846/,movie,7.8,90,2017,"Documentary, Sport",6534,21-04-17,Greg Kohs
tt6723592,8,11-01-23,Tenet,https://www.imdb.com/title/tt6723592/,movie,7.3,150,2020,"Action, Sci-Fi, Thriller",533699,22-08-20,Christopher Nolan
tt6742252,6,15-07-21,Den skyldige,https://www.imdb.com/title/tt6742252/,movie,7.5,85,2018,"Crime, Drama, Thriller",61748,21-01-18,Gustav Möller
tt6751668,7,27-04-21,Gisaengchung,https://www.imdb.com/title/tt6751668/,movie,8.5,132,2019,"Drama, Thriller",860768,21-05-19,Bong Joon Ho
tt6823368,8,18-04-21,Glass,https://www.imdb.com/title/tt6823368/,movie,6.6,129,2019,"Drama, Horror, Sci-Fi, Thriller",254328,07-01-19,M. Night Shyamalan
tt6857112,7,15-07-21,Us,https://www.imdb.com/title/tt6857112/,movie,6.8,116,2019,"Horror, Mystery, Thriller",316853,08-03-19,Jordan Peele
tt0068646,7,05-04-21,The Godfather,https://www.imdb.com/title/tt0068646/,movie,9.2,175,1972,"Crime, Drama",1917525,14-03-72,Francis Ford Coppola
tt7049682,9,27-06-20,Watchmen,https://www.imdb.com/title/tt7049682/,tvMiniSeries,8.2,527,2019,"Crime, Drama, Mystery, Sci-Fi",126873,20-10-19,
tt7069210,6,15-07-21,The Conjuring: The Devil Made Me Do It,https://www.imdb.com/title/tt7069210/,movie,6.3,112,2021,"Horror, Mystery, Thriller",125337,26-05-21,Michael Chaves
tt7131622,5,05-04-21,Once Upon a Time in... Hollywood,https://www.imdb.com/title/tt7131622/,movie,7.6,161,2019,"Comedy, Drama",781724,21-05-19,Quentin Tarantino
tt7164714,6,15-07-21,Maz Jobrani: Immigrant,https://www.imdb.com/title/tt7164714/,tvSpecial,6.7,112,2017,Comedy,909,01-08-17,Maz Jobrani
tt7286456,10,23-12-19,Joker,https://www.imdb.com/title/tt7286456/,movie,8.4,122,2019,"Crime, Drama, Thriller",1362574,31-08-19,Todd Phillips
tt7349662,7,15-07-21,BlacKkKlansman,https://www.imdb.com/title/tt7349662/,movie,7.5,135,2018,"Biography, Comedy, Crime, Drama",274719,14-05-18,Spike Lee
tt7349950,7,23-12-19,It Chapter Two,https://www.imdb.com/title/tt7349950/,movie,6.5,169,2019,"Drama, Fantasy, Horror",281668,26-08-19,Andy Muschietti
tt7504726,5,15-07-21,The Call of the Wild,https://www.imdb.com/title/tt7504726/,movie,6.7,100,2020,"Adventure, Drama, Family",52741,13-02-20,Chris Sanders
tt7510346,4,15-07-21,The Turning,https://www.imdb.com/title/tt7510346/,movie,3.9,94,2020,"Drama, Horror, Mystery",15344,22-01-20,Floria Sigismondi
tt0075314,8,11-01-23,Taxi Driver,https://www.imdb.com/title/tt0075314/,movie,8.2,114,1976,"Crime, Drama",867662,08-02-76,Martin Scorsese
tt0758758,5,15-07-21,Into the Wild,https://www.imdb.com/title/tt0758758/,movie,8.1,148,2007,"Adventure, Biography, Drama",636490,01-09-07,Sean Penn
tt0765010,7,15-12-22,Brothers,https://www.imdb.com/title/tt0765010/,movie,7.1,105,2009,"Drama, Thriller, War",136591,22-11-09,Jim Sheridan
tt7653254,4,15-07-21,Marriage Story,https://www.imdb.com/title/tt7653254/,movie,7.9,137,2019,"Drama, Romance",325898,29-08-19,Noah Baumbach
tt7664504,6,31-01-23,Three Identical Strangers,https://www.imdb.com/title/tt7664504/,movie,7.6,96,2018,"Documentary, Biography, Drama, Mystery",37398,19-01-18,Tim Wardle
tt7668870,7,15-07-21,Searching,https://www.imdb.com/title/tt7668870/,movie,7.6,102,2018,"Drama, Mystery, Thriller",172875,21-01-18,Aneesh Chaganty
tt0076759,6,27-04-21,Star Wars,https://www.imdb.com/title/tt0076759/,movie,8.6,121,1977,"Action, Adventure, Fantasy, Sci-Fi",1397495,25-05-77,George Lucas
tt7784604,7,27-04-21,Hereditary,https://www.imdb.com/title/tt7784604/,movie,7.3,127,2018,"Drama, Horror, Mystery, Thriller",344036,21-01-18,Ari Aster
tt7798634,7,15-07-21,Ready or Not,https://www.imdb.com/title/tt7798634/,movie,6.8,95,2019,"Action, Comedy, Horror, Mystery, Thriller",164998,12-03-19,"Matt Bettinelli-Olpin, Tyler Gillett"
tt7920978,8,13-07-21,Sahsiyet,https://www.imdb.com/title/tt7920978/,tvMiniSeries,9,65,2018,"Crime, Drama, Mystery, Thriller",43559,17-03-18,
tt7935646,5,24-07-21,Sansimi Seveyim,https://www.imdb.com/title/tt7935646/,movie,5,88,2017,Comedy,1576,25-08-17,Ender Mihlar
tt7975244,6,15-07-21,Jumanji: The Next Level,https://www.imdb.com/title/tt7975244/,movie,6.7,123,2019,"Action, Adventure, Comedy, Fantasy",264994,04-12-19,Jake Kasdan
tt7984766,7,15-07-21,The King,https://www.imdb.com/title/tt7984766/,movie,7.3,140,2019,"Biography, Drama, History, Romance, War",139401,02-09-19,David Michôd
tt0800080,7,15-07-21,The Incredible Hulk,https://www.imdb.com/title/tt0800080/,movie,6.6,112,2008,"Action, Adventure, Sci-Fi",506807,06-06-08,Louis Leterrier
tt8041276,6,12-02-23,Paddleton,https://www.imdb.com/title/tt8041276/,movie,7.1,89,2019,"Comedy, Drama",14747,01-02-19,Alex Lehmann
tt0080684,6,27-04-21,Star Wars: Episode V - The Empire Strikes Back,https://www.imdb.com/title/tt0080684/,movie,8.7,124,1980,"Action, Adventure, Fantasy, Sci-Fi",1325248,17-05-80,Irvin Kershner
tt8090580,8,19-03-20,Nuh Tepesi,https://www.imdb.com/title/tt8090580/,movie,7.1,109,2019,Drama,5948,25-04-19,Cenk Ertürk
tt8108198,6,05-04-21,Andhadhun,https://www.imdb.com/title/tt8108198/,movie,8.2,139,2018,"Crime, Mystery, Thriller",97508,04-10-18,Sriram Raghavan
tt8111088,7,13-07-21,The Mandalorian,https://www.imdb.com/title/tt8111088/,tvSeries,8.7,40,2019,"Action, Adventure, Fantasy, Sci-Fi",549105,12-11-19,
tt8160066,10,01-05-21,The Haunting of Hill House: Two Storms,https://www.imdb.com/title/tt8160066/,tvEpisode,9.3,57,2018,"Drama, Horror, Mystery, Thriller",12238,12-10-18,Mike Flanagan
tt0816692,8,11-04-21,Interstellar,https://www.imdb.com/title/tt0816692/,movie,8.7,169,2014,"Adventure, Drama, Sci-Fi",1922509,26-10-14,Christopher Nolan
tt0816711,6,15-07-21,World War Z,https://www.imdb.com/title/tt0816711/,movie,7,116,2013,"Action, Adventure, Horror, Sci-Fi",689348,02-06-13,Marc Forster
tt8228288,6,15-07-21,El hoyo,https://www.imdb.com/title/tt8228288/,movie,7,94,2019,"Horror, Sci-Fi, Thriller",247380,06-09-19,Galder Gaztelu-Urrutia
tt0822832,5,15-07-21,Marley & Me,https://www.imdb.com/title/tt0822832/,movie,7,111,2008,"Drama, Family",162690,25-12-08,David Frankel
tt8242084,7,27-04-21,My Spy,https://www.imdb.com/title/tt8242084/,movie,6.3,99,2020,"Action, Comedy",32600,09-01-20,Peter Segal
tt0082971,7,05-04-21,Raiders of the Lost Ark,https://www.imdb.com/title/tt0082971/,movie,8.4,115,1981,"Action, Adventure",992152,12-06-81,Steven Spielberg
tt0830515,6,15-07-21,Quantum of Solace,https://www.imdb.com/title/tt0830515/,movie,6.6,106,2008,"Action, Adventure, Mystery, Thriller",458680,29-10-08,Marc Forster
tt0831387,5,15-07-21,Godzilla,https://www.imdb.com/title/tt0831387/,movie,6.4,123,2014,"Action, Adventure, Sci-Fi",423969,08-05-14,Gareth Edwards
tt8332922,8,16-07-21,A Quiet Place Part II,https://www.imdb.com/title/tt8332922/,movie,7.2,97,2020,"Drama, Horror, Sci-Fi, Thriller",249399,08-03-20,John Krasinski
tt8367814,6,15-07-21,The Gentlemen,https://www.imdb.com/title/tt8367814/,movie,7.8,113,2019,"Action, Comedy, Crime",362576,03-12-19,Guy Ritchie
tt0837562,7,15-07-21,Hotel Transylvania,https://www.imdb.com/title/tt0837562/,movie,7,91,2012,"Animation, Adventure, Comedy, Family, Fantasy, Horror, Romance",266829,08-09-12,Genndy Tartakovsky
tt0837563,6,15-07-21,Pet Sematary,https://www.imdb.com/title/tt0837563/,movie,5.7,101,2019,"Horror, Mystery, Thriller",94880,16-03-19,"Dennis Widmyer, Kevin Kölsch"
tt8385420,5,27-04-21,Çiçero,https://www.imdb.com/title/tt8385420/,movie,6.5,126,2019,"Action, Crime, Drama, History",6234,18-01-19,Serdar Akar
tt8404614,8,15-07-21,The Two Popes,https://www.imdb.com/title/tt8404614/,movie,7.6,125,2019,"Biography, Comedy, Drama",128444,31-08-19,Fernando Meirelles
tt0844471,6,15-07-21,Cloudy with a Chance of Meatballs,https://www.imdb.com/title/tt0844471/,movie,6.9,90,2009,"Animation, Adventure, Comedy, Family, Fantasy, Sci-Fi",244969,12-09-09,"Christopher Miller, Phil Lord"
tt8456098,5,27-04-21,Karakomik Filmler: 2 Arada,https://www.imdb.com/title/tt8456098/,movie,6.4,60,2019,"Comedy, Drama",12898,18-10-19,Cem Yilmaz
tt0851577,6,15-07-21,Ostrov,https://www.imdb.com/title/tt0851577/,movie,7.8,112,2006,Drama,12208,27-06-06,Pavel Lungin
tt8579674,7,27-04-21,1917,https://www.imdb.com/title/tt8579674/,movie,8.2,119,2019,"Action, Drama, War",624566,04-12-19,Sam Mendes
tt0086190,6,27-04-21,Star Wars: Episode VI - Return of the Jedi,https://www.imdb.com/title/tt0086190/,movie,8.3,131,1983,"Action, Adventure, Fantasy, Sci-Fi",1080637,23-05-83,Richard Marquand
tt8649186,7,03-02-23,Boze Cialo,https://www.imdb.com/title/tt8649186/,movie,7.7,115,2019,Drama,20346,02-09-19,Jan Komasa
tt0087469,6,15-07-21,Indiana Jones and the Temple of Doom,https://www.imdb.com/title/tt0087469/,movie,7.5,118,1984,"Action, Adventure",507119,08-05-84,Steven Spielberg
tt0878804,7,15-07-21,The Blind Side,https://www.imdb.com/title/tt0878804/,movie,7.6,129,2009,"Biography, Drama, Sport",345628,17-11-09,John Lee Hancock
tt8822402,8,09-07-22,Bizi Hatirla,https://www.imdb.com/title/tt8822402/,movie,7.3,120,2018,Drama,2780,22-11-18,Çagan Irmak
tt0088247,7,15-07-21,The Terminator,https://www.imdb.com/title/tt0088247/,movie,8.1,107,1984,"Action, Sci-Fi",888366,26-10-84,James Cameron
tt8857590,6,15-07-21,Babamin Ceketi,https://www.imdb.com/title/tt8857590/,movie,4.9,99,2018,Comedy,902,26-09-18,Müfit Can Saçinti
tt8865546,4,27-04-21,Karakomik Filmler: Kaçamak,https://www.imdb.com/title/tt8865546/,movie,5.5,60,2019,"Adventure, Comedy, Fantasy, Mystery, Sci-Fi",10049,17-10-19,Cem Yilmaz
tt0892769,7,05-04-21,How to Train Your Dragon,https://www.imdb.com/title/tt0892769/,movie,8.1,98,2010,"Animation, Action, Adventure, Comedy, Family, Fantasy",764073,18-03-10,"Dean DeBlois, Chris Sanders"
tt0892782,6,15-07-21,Monsters vs. Aliens,https://www.imdb.com/title/tt0892782/,movie,6.4,94,2009,"Animation, Action, Adventure, Comedy, Family, Fantasy, Sci-Fi",169546,09-03-09,"Conrad Vernon, Rob Letterman"
tt8936646,6,15-07-21,Extraction,https://www.imdb.com/title/tt8936646/,movie,6.8,116,2020,"Action, Thriller",226617,24-04-20,Sam Hargrave
tt8946378,7,22-02-20,Knives Out,https://www.imdb.com/title/tt8946378/,movie,7.9,130,2019,"Comedy, Crime, Drama, Mystery, Thriller",730006,07-09-19,Rian Johnson
tt0903624,6,15-07-21,The Hobbit: An Unexpected Journey,https://www.imdb.com/title/tt0903624/,movie,7.8,169,2012,"Adventure, Fantasy",845517,28-11-12,Peter Jackson
tt0903747,10,23-12-19,Breaking Bad,https://www.imdb.com/title/tt0903747/,tvSeries,9.5,49,2008,"Crime, Drama, Thriller",1990952,20-01-08,
tt0905372,7,27-04-21,The Thing,https://www.imdb.com/title/tt0905372/,movie,6.2,103,2011,"Horror, Mystery, Sci-Fi",140042,10-10-11,Matthijs van Heijningen Jr.
tt9072352,5,15-07-21,Relic,https://www.imdb.com/title/tt9072352/,movie,6,89,2020,"Drama, Horror, Mystery, Thriller",28247,25-01-20,Natalie Erika James
tt0910970,8,27-04-21,WALL·E,https://www.imdb.com/title/tt0910970/,movie,8.4,98,2008,"Animation, Adventure, Family, Sci-Fi",1147182,21-06-08,Andrew Stanton
tt9124428,6,27-04-21,Bizim Için Sampiyon,https://www.imdb.com/title/tt9124428/,movie,8.2,130,2018,"Biography, Drama, Romance, Sport",12662,07-12-18,Ahmet Katiksiz
tt0091530,8,13-02-23,The Mission,https://www.imdb.com/title/tt0091530/,movie,7.4,125,1986,"Adventure, Drama, History",63465,16-05-86,Roland Joffé
tt0918940,4,15-07-21,The Legend of Tarzan,https://www.imdb.com/title/tt0918940/,movie,6.2,110,2016,"Action, Adventure, Drama, Fantasy, Romance",181713,27-06-16,David Yates
tt9243946,7,10-11-19,El Camino: A Breaking Bad Movie,https://www.imdb.com/title/tt9243946/,movie,7.3,122,2019,"Action, Crime, Drama, Thriller",269070,07-10-19,Vince Gilligan
tt0926084,6,15-07-21,Harry Potter and the Deathly Hallows: Part 1,https://www.imdb.com/title/tt0926084/,movie,7.7,146,2010,"Adventure, Family, Fantasy, Mystery",569763,11-11-10,David Yates
tt0942385,7,15-07-21,Tropic Thunder,https://www.imdb.com/title/tt0942385/,movie,7.1,107,2008,"Action, Comedy, War",430342,11-08-08,Ben Stiller
tt0945513,8,15-07-21,Source Code,https://www.imdb.com/title/tt0945513/,movie,7.5,93,2011,"Action, Drama, Mystery, Sci-Fi, Thriller",531999,11-03-11,Duncan Jones
tt0947798,8,13-05-23,Black Swan,https://www.imdb.com/title/tt0947798/,movie,8,108,2010,"Drama, Thriller",790818,01-09-10,Darren Aronofsky
tt9500372,6,05-04-21,Cep Herkülü: Naim Süleymanoglu,https://www.imdb.com/title/tt9500372/,movie,8.2,141,2019,"Biography, Drama, Sport",13027,22-11-19,Özer Feyzioglu
tt9520140,6,27-04-21,Güzelligin Portresi,https://www.imdb.com/title/tt9520140/,movie,6.3,127,2019,"Drama, Horror, Thriller",3020,13-12-19,Umur Turagay
tt9675274,6,15-07-21,Cinayet Süsü,https://www.imdb.com/title/tt9675274/,movie,6.7,112,2019,"Comedy, Crime, Mystery",18457,25-10-19,Ali Atay
tt0970179,6,15-07-21,Hugo,https://www.imdb.com/title/tt0970179/,movie,7.5,126,2011,"Adventure, Drama, Family, Fantasy, Mystery",329225,10-10-11,Martin Scorsese
tt0097165,6,27-04-21,Dead Poets Society,https://www.imdb.com/title/tt0097165/,movie,8.1,128,1989,"Comedy, Drama",512069,02-06-89,Peter Weir
tt0097576,7,05-04-21,Indiana Jones and the Last Crusade,https://www.imdb.com/title/tt0097576/,movie,8.2,127,1989,"Action, Adventure",774560,24-05-89,Steven Spielberg
tt0993846,8,14-07-21,The Wolf of Wall Street,https://www.imdb.com/title/tt0993846/,movie,8.2,180,2013,"Biography, Comedy, Crime, Drama",1469895,09-12-13,Martin Scorsese
tt0099785,7,15-07-21,Home Alone,https://www.imdb.com/title/tt0099785/,movie,7.7,103,1990,"Comedy, Family",605832,10-11-90,Chris Columbus
